Country,Korean Company / Organization,Project,Primary Sector,Secondary Sector,Project Type,Year,Investment USD,Technology Focus,Local Partner,Source,Source Date,Financial Type,Notes,Source Type
El Salvador,KOICA (Korea International Cooperation Agency),Korea Innovation Nexus for Research & Development Collaboration,Technology,Education,Technology cooperation / R&D,2026,"9,000,000",Automation; Digital fabrication; Prototyping; Quality control,Universidad de El Salvador / ESCO,https://rree.gob.sv/el-salvador-y-corea-trabajan-de-la-mano-por-la-innovacion-y-el-desarrollo-tecnologico/ ,2026-08-25,Development cooperation,"Korean-funded innovation center with specialized laboratories; five-year project focused on R&D, technology, innovation, and digital entrepreneurship.",Government
El Salvador,KOICA,Center for Industrial Innovation Training at ITCA-FEPADE,Education ,Manufacturing,Technology cooperation / Education,2021,"5,800,000",Industry 4.0; Cybersecurity; Industrial robotics; Mechatronics; Electronics; Programming; Smart manufacturing,ITCA-FEPADE / ESCO,https://www.presidencia.gob.sv/gobierno-fortalece-carreras-tecnologicas-en-itca-fepade-con-el-apoyo-de-la-agencia-de-el-salvador-para-la-cooperacion-internacional/,2025-03-14,Development cooperation,"Five-year cooperation project; includes a new training facility, two technical programs, and four continuing-education diplomas.",Government
El Salvador,KOICA,Centro de Innovación de Emprendimiento Digital (CIED),Technology,Entrepreneurship,Technology Cooperation / Entrepreneurship,2024,--,Digitalization; 3D printing; 3D scanning; Drones; Laser cutting; Digital entrepreneurship,CONAMYPE / Ministry of Tourism / ESCO / PNUD,https://rree.gob.sv/corea-apoya-la-habilitacion-de-instalaciones-con-recursos-innovadores-para-las-mypes/,2024-12-06,Development cooperation,"Innovation center providing technology, equipment, training, and technical support to Salvadoran micro and small businesses.",Government
Mexico,KIA Mexico,Kia EV3 Production & Electromobility Expansion,Automotive,Energy,FDI / Manufacturing,2026,"649,000,000",EV; Electromobility; EV charging; Renewable energy,Government of Nuevo León / Mexican government,https://www.gob.mx/presidencia/prensa/plan-mexico-presidenta-destaca-inversion-de-kia-de-649-mdd-para-produccion-de-vehiculo-electrico-muestra-la-confianza-en-el-pais,2026-07-29,Corporate FDI,"Investment planned for 2026–2028. Includes EV3 production line at Kia's Pesquería plant, national charging network, 2 MW solar park, and wastewater treatment.",Government
Mexico,Hyundai Mobis,Nuevo León Advanced Automotive Technology Expansion,Automotive,Technology,FDI / Manufacturing / Technology development,2026,"50,000,000",Autonomous driving; Semiconductors; Vehicle electrification; Electronic systems,,https://www.nl.gob.mx/es/boletines/desde-corea-del-sur-concreta-samuel-1000-mdp-mas-para-nl,2026-04-08,Corporate FDI,Hyundai Mobis committed MXN $1 billion; governor described approximately $50M for autonomous-vehicle and chip technology. Expansion expected to generate 250 jobs. Existing operations include electronic components and battery systems.,Government
Mexico,LG Magna e-Powertrain,Ramos Arizpe EV Powertrain Manufacturing Plant,Automotive,Technology,FDI / Joint Venture / Manufacturing,2022,--,EV; Electric motors; Inverters; On-board chargers; Electric powertrain,Magna International / General Motors / Government of Coahuila,https://www.lg.com/global/newsroom/news/corporate/lg-magna-e-powertrain-celebrates-groundbreaking-of-new-facility-in-mexico/,2022-04-20,Corporate FDI / Joint Venture,"LG Electronics–Magna joint venture. New 260,000 sq. ft. facility in Ramos Arizpe, Coahuila; planned production of inverters, motors and onboard chargers for GM's EV platform; approximately 400 jobs expected.",Company
Mexico,Samsung Electronics,Household Appliance Production Expansion,Electronics,Consumer Appliances,FDI / Manufacturing,2022,--,Consumer electronics; Household appliances; Manufacturing,Government of Mexico / Local operations in Querétaro and Tijuana,https://www.gob.mx/sre/prensa/in-meetings-with-foreign-secretary-ebrard-korean-companies-announce-investments-in-mexico,2022-07-05,Corporate FDI,Samsung announced investments in Querétaro and Tijuana to increase household-appliance production in Mexico. Investment amount not entered because the cited government announcement does not specify a Samsung project amount.,Government
United States,SK hynix,Indiana Advanced HBM Packaging & R&D Facility,Electronics,Technology,FDI / Manufacturing / Technology Development,2026,"4,000,000,000",AI; HBM; Semiconductors; Advanced packaging; R&D,Purdue University / Indiana government,https://news.skhynix.com/en/groundbreaking-ceremony-in-indiana/,2026-08-28,Corporate FDI,Advanced HBM packaging facility in West Lafayette; first SK hynix HBM production base in the U.S.; includes an advanced packaging R&D testbed and collaboration with Purdue University.,Company
United States,Samsung SDI,New Carlisle EV Battery Manufacturing Plant,Energy,Automotive,FDI / Joint Venture / Manufacturing,2024,"3,500,000,000",EV batteries; Battery cells; Energy storage; High-performance batteries,General Motors / State of Indiana,https://news.samsungsdi.com/global/press/view?seq=57,2024-08-28,Corporate FDI / Joint Venture,"Samsung SDI and General Motors established a joint venture for an EV battery manufacturing plant in New Carlisle, Indiana. The original plan called for approximately $3.5B in investment, 27 GWh initial annual capacity, and more than 1,600 jobs. In August 2026, Samsung SDI acquired GM's 49.99% stake, making the plant wholly owned by Samsung SDI; the company plans to initially use the facility for energy-storage-system batteries.",Company
United States,Hyundai Motor Group,AVP Silicon Valley / Future Mobility Innovation Hub,Technology,Automotive,Technology cooperation / R&D,2026,--,AI; Autonomous driving; Robotics; Smart cities; Clean energy,,https://www.hyundai.com/worldwide/en/newsroom/detail/0000001239,2026-07-26,Corporate Investment / Technology Cooperation,"Hyundai Motor Group's Silicon Valley innovation activities connect U.S. startups, technology companies, talent and research with Hyundai's global R&D and business operations. AVP Silicon Valley was established as a strategic hub for future mobility innovation, building on Hyundai CRADLE's earlier open-innovation activities.",Company